choicesName,value,label::fr,label::en,label_one::fr,label_one::en,spreadChoicesName,conditional,hidden
yes,yes,Oui,Yes,,,,,
no,no,Non,No,,,,,
other,other,Autre (spécifiez),Other (specify),,,,,
otherWithoutSpecify,other,Autre,Other,,,,,
dontKnow,dontKnow,Je ne sais pas,I don't know,,,,,
preferNotToAnswer,preferNotToAnswer,Je préfère ne pas répondre,I prefer not to answer,,,,,
yesNo,,,,,,yes,,
yesNo,,,,,,no,,
yesNoDontKnow,,,,,,yesNo,,
yesNoDontKnow,,,,,,dontKnow,,
yesNoPreferNotToAnswer,,,,,,yes,,
yesNoPreferNotToAnswer,,,,,,no,,
yesNoPreferNotToAnswer,,,,,,preferNotToAnswer,,
homeIsMain,yes,"Oui, j'y habite plus de 50 % du temps","Yes, I live there more than 50% of the time",,,,,
homeIsMain,no,"Non, c’est ma résidence secondaire et mon ménage habite majoritairement à une autre adresse","No, it is my secondary residence and my household mainly lives at another address",,,,,
maleFemalePreferNotAnswer,female,Femme,Female,,,,,
maleFemalePreferNotAnswer,male,Homme,Male,,,,,
maleFemalePreferNotAnswer,,,,,,preferNotToAnswer,,
maleFemaleCustomPreferNotToAnswer,female,Femme,Woman,,,,,
maleFemaleCustomPreferNotToAnswer,male,Homme,Man,,,,,
maleFemaleCustomPreferNotToAnswer,custom,Cette personne s'identifie comme:,This person identifies as:,,,,,
maleFemaleCustomPreferNotToAnswer,,,,,,preferNotToAnswer,,
participationStatusWorker,fullTime,"Oui, à temps plein (30h et plus/semaine)","Yes, full time (30h and more/week)",,,,,
participationStatusWorker,partTime,"Oui, à temps partiel (moins de 30h/semaine)","Yes, part time (less than 30h/week)",,,,,
participationStatusWorker,,,,,,no,,
participationStatusStudent,fullTime,"Oui, à temps plein","Yes, full time",,,,,
participationStatusStudent,partTime,"Oui, à temps partiel","Yes, part time",,,,,
participationStatusStudent,,,,,,no,,
personOccupation,fullTimeWorker,Travail à temps plein (30h et plus/semaine),Employed full-time (30h and more/week),,,,,True
personOccupation,partTimeWorker,Travail à temps partiel (moins de 30h/semaine),Employed part-time (less than 30h/week),,,,,True
personOccupation,workerAndStudent,Travail et études,Work and studies,,,,,True
personOccupation,fullTimeStudent,Études à temps plein,Full-time student,,,,,True
personOccupation,partTimeStudent,Études à temps partiel,Part-time student,,,,,True
personOccupation,retired,À la retraite,Retired,,,,ifAge40OrMoreConditional,
personOccupation,atHome,À la maison,At home,,,,,
personOccupation,unemployed,En chômage / en recherche d'emploi,Unemployed / searching for a job,,,,,
personOccupation,parentalOrSickLeave,Congé de maladie ou congé parental,Sick leave or parental leave,,,,,
personOccupation,longTermDisability,Invalidité de longue durée,Long-term disability,,,,,
personOccupation,volunteer,Bénévole,Volunteer,,,,,
personOccupation,,,,,,otherWithoutSpecify,,
personOccupation,,,,,,preferNotToAnswer,,
jobTypes,professional,"Professionnel(le)
__ingénieur·e, analyste, enseignant·e, chercheur·e, professionnel de la santé…__","Professional
__engineer, analyst, teacher, researcher, health professional…__",,,,,
jobTypes,administration,"Travail de bureau / administration
__commis, adjoint·e administratif·ve, secrétariat, soutien administratif…__","Office work / administration
__clerk, administrative assistant, secretariat, administrative support…__",,,,,
jobTypes,salesAndServices,"Vente et services
__commerce de détail, service à la clientèle, restauration, soins personnels…__","Sales and services
__retail, customer service, food services, personal services…__",,,,,
jobTypes,manufacturing,"Fabrication, métiers et autres emplois
__usine, construction, métiers spécialisés, transport, entreposage…__","Manufacturing, trades and other jobs
__factory, construction, skilled trades, transportation, warehousing…__",,,,,
jobTypes,,,,,,dontKnow,,
transitPassType,transitPassARTM,Passe / abonnement mensuel ou annuel de l’ARTM,ARTM monthly or annual pass,,,,ifAge64OrLessConditional,
transitPassType,transitPassARTMWithElderly,Passe / abonnement mensuel ou annuel de l’ARTM (incluant les passes pour ainés),ARTM monthly or annual pass (including senior passes),,,,ifAge65OrMoreConditional,
transitPassType,tickets,Titres ou billets individuels de l’ARTM,ARTM individual tickets or fares,,,,,
transitPassType,other,"Autre abonnement ou titre (SJSR, STC Sorel-Tracy, MRC Joliette, etc …)","Other pass or fare (SJSR, STC Sorel-Tracy, MRC Joliette, etc.)",,,,,
transitPassType,,,,,,dontKnow,,
transitFareType,A,Tous modes A,All modes A,,,,,
transitFareType,AB,Tous modes AB,All modes AB,,,,,
transitFareType,ABC,Tous modes ABC,All modes ABC,,,,,
transitFareType,ABCD,Tous modes ABCD,All modes ABCD,,,,,
transitFareType,bus,Bus,Bus,,,,,
transitFareType,busCD,Bus hors territoire (CD),Out-of-territory bus (CD),,,,,
transitFareType,opusWithTicketsOnly,Carte OPUS avec titres individuels seulement,OPUS card with individual fares only,,,,,
transitFareType,otherTerritory,"Autre hors territoire (SJSR, STC Sorel-Tracy, MRC Joliette, etc. …)","Other out-of-territory (SJSR, STC Sorel-Tracy, MRC Joliette, etc.)",,,,,
transitFareType,,,,,,other,,
transitFareType,none,Aucun pour le mois en cours,None for the current month,,,,,
transitFareType,,,,,,dontKnow,,
transitFareWarning,yes,Je confirme,I confirm,,,,,
workPlaceTypeChoices,onLocation,"Oui, travail au lieu fixe en présentiel en tout temps","Yes, always on-site at fixed location",,,,,
workPlaceTypeChoices,hybrid,"Oui, travail en mode hybride (télétravail et en présentiel)","Yes, hybrid work (remote and on-site)",,,,,
workPlaceTypeChoices,onTheRoadWithUsualPlace,"Oui, travail sur la route avec départ d'un lieu fixe (ex: garage, bureau, poste, restaurant, etc.)","Yes, work on the road departing from a fixed location (ex: garage, office, station, restaurant, etc.)",,,,,
workPlaceTypeChoices,onTheRoadWithoutUsualPlace,"Non, travail sur la route avec départ du domicile","No, work on the road departing from home",,,,,
workPlaceTypeChoices,remote,"Non, travail à partir du domicile ou à distance","No, work from home or from elsewhere",,,,,
longDistanceFrequencyChoices,00_00,Jamais (0),Never (0),,,,,
longDistanceFrequencyChoices,01_03,Quelques fois durant la période (1 à 3),A few times during the period (1 to 3),,,,,
longDistanceFrequencyChoices,04_12,Quelques fois par mois (4 à 12),A few times a month (4 to 12),,,,,
longDistanceFrequencyChoices,13_99,Une à plusieurs fois par semaine (13 ou plus),One to several times a week (13 or more),,,,,
householdIncomeChoices,000000_009999,Moins de 10 000 $,"Less than $10,000",,,,,
householdIncomeChoices,010000_019999,10 000$ à 19 999$,"$10,000 to $19,999",,,,,
householdIncomeChoices,020000_029999,20 000$ à 29 999$,"$20,000 to $29,999",,,,,
householdIncomeChoices,030000_039999,30 000$ à 39 999$,"$30,000 to $39,999",,,,,
householdIncomeChoices,040000_049999,40 000$ à 49 999$,"$40,000 to $49,999",,,,,
householdIncomeChoices,050000_059999,50 000$ à 59 999$,"$50,000 to $59,999",,,,,
householdIncomeChoices,060000_069999,60 000$ à 69 999$,"$60,000 to $69,999",,,,,
householdIncomeChoices,070000_079999,70 000$ à 79 999$,"$70,000 to $79,999",,,,,
householdIncomeChoices,080000_089999,80 000$ à 89 999$,"$80,000 to $89,999",,,,,
householdIncomeChoices,090000_099999,90 000$ à 99 999$,"$90,000 to $99,999",,,,,
householdIncomeChoices,100000_149999,100 000$ à 149 999$,"$100,000 to $149,999",,,,,
householdIncomeChoices,150000_199999,150 000$ à 199 999$,"$150,000 to $199,999",,,,,
householdIncomeChoices,200000_999999,200 000 $ et plus,"$200,000 and more",,,,,
householdIncomeChoices,dontKnow,Je ne sais pas,I don't know,,,,,
householdIncomeChoices,refusal,Je préfère ne pas répondre,I prefer not to respond,,,,,
householdOwnershipChoices,tenant,Locataire,Tenant,,,,,
householdOwnershipChoices,owner,Propriétaire,Owner,,,,,
householdOwnershipChoices,other,Autre,Other,,,,,
householdOwnershipChoices,preferNotToAnswer,Je préfère ne pas répondre,I prefer not to respond,,,,,
departurePlaceOtherChoices,otherParentHome,**Domicile de l'autre parent ou tuteur**,**Home of the other parent or guardian**,,,,ifAge16OrLessConditional,
departurePlaceOtherChoices,workedOvernight,**Travaillait de nuit**,**Worked overnight**,,,,isWorkerConditional,
departurePlaceOtherChoices,secondaryHome,**Résidence secondaire** (chalet ou autre),**Secondary residence** (cottage or other),,,,,
departurePlaceOtherChoices,sleptAtFriends,"Passait la nuit chez **ami, copine/copain ou famille**","Stayed overnight at a **friend’s, partner’s or family’s home**",,,,,
departurePlaceOtherChoices,restaurant,Était à un ou revenait d'un **restaurant ou bar**,Was at or coming back from a **restaurant or bar**,,,,,
departurePlaceOtherChoices,hotelForWork,Hôtel ou autre lieu pour une **conférence / travail**,Hotel or other venue for a **conference / work**,,,,isWorkerConditional,
departurePlaceOtherChoices,hotelForVacation,Hôtel ou autre lieu en **vacances**,Hotel or other place on **vacation**,,,,,
departurePlaceOtherChoices,studying,**Écoles / lieu d’études**: terminait des travaux ou y couchait,**School / place of study**: studied or slept there,,,,isStudentConditional,
departurePlaceOtherChoices,other,Autre,Other,,,,,
onTheRoadArrivalTypeChoices,home,Domicile,Home,,,,,
onTheRoadArrivalTypeChoices,usualWorkPlace,Lieu de travail habituel,Usual work place,,,,onTheRoadUsualWorkplace,
onTheRoadArrivalTypeChoices,other,Autre lieu,Other location,,,,,
onTheRoadArrivalTypeChoices,stayedThereUntilTheNextDay,{{nickname}} a complété ses déplacements sur la route après 4:00 du matin le lendemain,{{nickname}} completed {{gender:his/her/their/their}} work on the road trips after 4AM the next day,J'ai complété mes déplacements sur la route après 4:00 du matin le lendemain,I completed my work on the road trips after 4AM the next day,,isLastPlaceCustomConditional,
onDemandChoices,pickupAtOrigin,"Oui, il est venu chercher {{nickname}} à son lieu de départ","Yes, it picked {{nickname}} up at their departure location","Oui, il est venu me chercher à mon lieu de départ","Yes, it picked me up at my departure location",,,
onDemandChoices,joinedStop,"Oui, {{nickname}} a rejoint un arrêt","Yes, {{nickname}} went to a stop","Oui, j'ai rejoint un arrêt","Yes, I went to a stop",,,
onDemandChoices,no,Non,No,,,,,
noWorkTripReasonChoices,remoteWorkOrWorkAtHome,Télétravail / travail à la maison,Remote work / work from home,,,,,
noWorkTripReasonChoices,onStrike,En grève,On strike,,,,,
noWorkTripReasonChoices,leaveSicknessPersonalReason,"Congé (maladie, personnel, autre)","Leave (sick, personal, other)",,,,,
noWorkTripReasonChoices,noWork,Pas de travail prévu,No work planned,,,,,
noWorkTripReasonChoices,,,,,,otherWithoutSpecify,,
noWorkTripReasonChoices,,,,,,dontKnow,,
noSchoolTripReasonChoices,distanceLearning,Cours à distance,Distance learning,,,,,
noSchoolTripReasonChoices,schoolWasClosed,École fermée ou pas de cours,School was closed or no classes,,,,,
noSchoolTripReasonChoices,leaveSicknessPersonalReason,"Congé (maladie, personnel, autre)","Leave (sick, personal, other)",,,,,
noSchoolTripReasonChoices,strike,Grève,Strike,,,,,
noSchoolTripReasonChoices,,,,,,otherWithoutSpecify,,
noSchoolTripReasonChoices,,,,,,dontKnow,,
educationalAttainment,noneOrPrimaryEducation,"Aucun certificat, diplôme ou degré","No certificate, diploma or degree",,,,,
educationalAttainment,secondaryEducation,Diplôme d'études secondaires ou attestation d'équivalence,High school (secondary) diploma or equivalency certificate,,,,,
educationalAttainment,postSecondaryNonTertiaryEducation,Diplôme d'apprenti ou d'une école de métiers,Apprenticeship or trades certificate or diploma,,,,,
educationalAttainment,shortCycleTertiaryEducation,Diplôme d'un cégep ou collège,"College, CEGEP or other non-university certificate or diploma",,,,,
educationalAttainment,diplomaBelowBachelor,Certificat ou diplôme universitaire inférieur au baccalauréat,University certificate or diploma below bachelor level,,,,,
educationalAttainment,bachelorOrHigher,Certificat ou diplôme universitaire niveau baccalauréat ou supérieur,Bachelor's degree or higher,,,,,
educationalAttainment,,,,,,preferNotToAnswer,,
workPlaceBeforeLeaveTypeChoices,onLocation,"Oui, {{nickname}} travaillait au lieu fixe en présentiel en tout temps","Yes, {{nickname}} worked always on-site at fixed location","Oui, je travaillais au lieu fixe en présentiel en tout temps","Yes, I worked always on-site at fixed location",,,
workPlaceBeforeLeaveTypeChoices,hybrid,"Oui, {{nickname}} travaillait en mode hybride (télétravail et en présentiel)","Yes, {{nickname}} did hybrid work (remote and on-site)","Oui, je travaillais en mode hybride (télétravail et en présentiel)","Yes, I did hybrid work (remote and on-site)",,,
workPlaceBeforeLeaveTypeChoices,onTheRoadWithUsualPlace,"Oui, {{nickname}} travaillait sur la route avec départ d'un lieu fixe (ex: garage, bureau, poste, restaurant, etc.)","Yes, {{nickname}} worked on the road departing from a fixed location (ex: garage, office, station, restaurant, etc.)","Oui, je travaillais sur la route avec départ d'un lieu fixe (ex: garage, bureau, poste, restaurant, etc.)","Yes, I worked on the road departing from a fixed location (ex: garage, office, station, restaurant, etc.)",,,
workPlaceBeforeLeaveTypeChoices,onTheRoadWithoutUsualPlace,"Non, {{nickname}} travaillait sur la route avec départ du domicile","No, {{nickname}} worked on the road departing from home","Non, je travaillais sur la route avec départ du domicile","No, I worked on the road departing from home",,,
workPlaceBeforeLeaveTypeChoices,remote,"Non, {{nickname}} travaillait à partir du domicile ou à distance","No, {{nickname}} worked from home or from elsewhere","Non, je travaillais à partir du domicile ou à distance","No, I worked from home or from elsewhere",,,
transitModesChoices,walk,Marche,Walking,,,,,
transitModesChoices,transitBus,"Bus (STM, STL, RTL, exo, etc.)","Bus (STM, STL, RTL, exo, etc.)",,,,isCurrentSegmentNotTransitBusConditional,
transitModesChoices,transitOnDemand,Transport à la demande,On-demand transit,,,,stationServedByTADCustomConditional,
transitModesChoices,carDriver,Auto en tant que conducteur,Car as driver,,,,hasDrivingLicenseConditional,
transitModesChoices,carPassenger,Auto en tant que passager,Car as passenger,,,,,
transitModesChoices,,,,,,other,,
intercityModesChoices,walk,Marche,Walking,,,,,
intercityModesChoices,bicycle,Vélo,Bicycle,,,,,
intercityModesChoices,carDriver,Auto en tant que conducteur,Car as driver,,,,hasDrivingLicenseConditional,
intercityModesChoices,carPassenger,Auto en tant que passager,Car as passenger,,,,,
intercityModesChoices,taxi,Taxi ou équivalent (ex. : Uber),"Taxi or equivalent (e.g., Uber)",,,,,
intercityModesChoices,transit,Transport en commun,Public transit,,,,,
intercityModesChoices,,,,,,otherWithoutSpecify,,
paidForParkingChoices,noWorker,**Non** (gratuit ou payé par l'employeur),**No** (free or paid by employer),,,,isDestinationWorkCustomConditional,
paidForParkingChoices,no,**Non** (gratuit),**No** (free),,,,isDestinationNotWorkCustomConditional,
paidForParkingChoices,yes,"**Oui** (parcomètre, vignette, passe ou permis)","**Yes** (parking meter, sticker, pass or permit)",,,,,
paidForParkingChoices,noPark,Le véhicule n'a pas été stationné,The vehicle was not parked,,,,,
paidForParkingChoices,,,,,,dontKnow,,
subwayLineChoices,stm_2,2-Orange,2-Orange,,,,,
subwayLineChoices,stm_1,1-Verte,1-Green,,,,,
subwayLineChoices,,,,,,dontKnow,,
planeStationChoices,YUL,Aéroport international Pierre-Elliott-Trudeau de Montréal (YUL),Montreal Pierre-Elliott-Trudeau International Airport (YUL),,,,,
planeStationChoices,YHU,Aéroport Montréal Saint-Hubert (YHU),Montreal Saint-Hubert Airport (YHU),,,,,
planeStationChoices,,,,,,otherWithoutSpecify,,
planeStationChoices,,,,,,dontKnow,,
intercityRailStationChoices,centralStation,Gare Centrale (Montréal),Gare Centrale (Montreal),,,,,
intercityRailStationChoices,dorvalStation,Dorval,Dorval,,,,,
intercityRailStationChoices,coteauStation,Coteau,Coteau,,,,,
intercityRailStationChoices,saintLambertStation,Saint-Lambert,Saint-Lambert,,,,,
intercityRailStationChoices,,,,,,otherWithoutSpecify,,
intercityRailStationChoices,,,,,,dontKnow,,
intercityBusStationChoices,gareAutocarsMTL,Gare d'autocars de Montréal (1717 rue Berri),Montreal Central Bus Station (1717 Berri Street),,,,,
intercityBusStationChoices,terminusMegabus,Terminus Megabus (1000 de la Gauchetière),Megabus Terminal (1000 de la Gauchetière),,,,,
intercityBusStationChoices,YUL,Aéroport de Montréal (YUL),Montreal Airport (YUL),,,,,
intercityBusStationChoices,terminusKirkland,Kirkland,Kirkland,,,,,
intercityBusStationChoices,terminusLongueuil,Terminus intermodal de Longueuil,Longueuil Intermodal Terminal,,,,,
intercityBusStationChoices,,,,,,otherWithoutSpecify,,
intercityBusStationChoices,,,,,,dontKnow,,
usualWorkPlaceCommutingModes,carDriver,"**Voiture personnelle** (appartenant à soi, un.e ami.e, la famille, etc.)","**Personal car** (can belong to self, friend, family, etc)",,,,,
usualWorkPlaceCommutingModes,carPassenger,**Passager** (voiture/moto/scooter),**Passenger** (car/motorcycle/moped),,,,,
usualWorkPlaceCommutingModes,transit,**Transport en commun**,Public **transit**,,,,,
usualWorkPlaceCommutingModes,walk,**Marche**,**Walking**,,,,,
usualWorkPlaceCommutingModes,bike,**Vélo**,**Bicycle**,,,,,
usualWorkPlaceCommutingModes,other,**Autre** moyen,**Other** mode,,,,householdWithoutTwoWheelConditional,
usualWorkPlaceCommutingModes,otherMotor,**Autre** moyen (incluant moto),**Other** mode (including motorcycle),,,,householdWithTwoWheelConditional,
carParkingsHome,private,"Entrée privée, garage ou place de stationnement réservée","Private driveway, garage or reserved parking space",,,,,
carParkingsHome,stickers,Possession d’une vignette résidentielle ,Residential parking permit,,,,,
zeroToTwoPlus,0,0,0,,,,,
zeroToTwoPlus,1,1,1,,,,,
zeroToTwoPlus,2,2+,2+,,,,,
bikesharingMembership,yes,"Oui (mensuel, saison)","Yes (monthly, seasonal)",,,,,
bikesharingMembership,no,Non (paiement au déplacement),No (pay per trip),,,,,
bikesharingMembership,,,,,,dontKnow,,
disabilities,hearing,Auditive ,Hearing,,,,personDisabilityIsNotPreferNotToAnswer,
disabilities,visual,Visuelle,Visual,,,,personDisabilityIsNotPreferNotToAnswer,
disabilities,cognitiveOrPsychic,"Cognitive (ex. mémoire, attention, compréhension, défi d’apprentissage, etc.)","Cognitive (e.g. memory, attention, comprehension, learning difficulty, etc.)",,,,personDisabilityIsNotPreferNotToAnswer,
disabilities,mentalHealth,"Santé mentale (ex. anxiété, dépression, trouble psychique, etc.)","Mental health (e.g. anxiety, depression, mental health disorder, etc.)",,,,personDisabilityIsNotPreferNotToAnswer,
disabilities,intellectualOrTSA,Intellectuelle ou trouble du spectre de l’autisme (TSA) ,Intellectual disability or autism spectrum disorder (ASD),,,,personDisabilityIsNotPreferNotToAnswer,
disabilities,motor,"Motrice (ex. mobilité réduite, flexibilité, paralysie, amputation, etc.)","Motor (e.g. reduced mobility, flexibility, paralysis, amputation, etc.)",,,,personDisabilityIsNotPreferNotToAnswer,
disabilities,chronicIllness,"Limitation liée à une maladie chronique ou à l’état de santé (ex. cardiaque, respiratoire, douleur, etc.)","Limitation related to a chronic illness or health condition (e.g. cardiac, respiratory, pain, etc.)",,,,personDisabilityIsNotPreferNotToAnswer,
disabilities,speechOrLanguageDisorder,Trouble de la parole ou du langage,Speech or language disorder,,,,personDisabilityIsNotPreferNotToAnswer,
disabilities,fineMotorSkills,"Motricité fine (ex. dextérité, agilité, etc.)","Fine motor skills (e.g. dexterity, agility, etc.)",,,,personDisabilityIsNotPreferNotToAnswer,
disabilities,other,Autre (spécifiez),Other (specify),,,,personDisabilityIsNotPreferNotToAnswer,
disabilities,,,,,,preferNotToAnswer,,
mobilityAssistiveDevices,crutchOrCane,Béquilles ou Canne,Crutches or cane,,,,personMobilityDeviceNotExclusiveAnswer,
mobilityAssistiveDevices,whiteCane,Canne blanche,White cane,,,,personMobilityDeviceNotExclusiveAnswer,
mobilityAssistiveDevices,serviceOrGuideDog,Chien d'assistance ou chien guide,Assistance dog or guide dog,,,,personMobilityDeviceNotExclusiveAnswer,
mobilityAssistiveDevices,manualWheelchair,Fauteuil roulant manuel (avec ou sans assistance électrique),Manual wheelchair (with or without electric assistance),,,,personMobilityDeviceNotExclusiveAnswer,
mobilityAssistiveDevices,motorisedWheelchair,Fauteuil roulant motorisé,Powered wheelchair,,,,personMobilityDeviceNotExclusiveAnswer,
mobilityAssistiveDevices,walkerOrRollator,Marchette ou déambulateur,Walker or rollator,,,,personMobilityDeviceNotExclusiveAnswer,
mobilityAssistiveDevices,threeOrFourwheeledScooter,Triporteur ou quadriporteur,Three- or four-wheeled scooter,,,,personMobilityDeviceNotExclusiveAnswer,
mobilityAssistiveDevices,noSpecificDevice,Aucun matériel spécifique,No specific mobility aids,,,,personMobilityDeviceNotPreferNotToAnswer,
mobilityAssistiveDevices,other,Autre (spécifiez),Other (specify),,,,personMobilityDeviceNotExclusiveAnswer,
mobilityAssistiveDevices,preferNotToAnswer,Je préfère ne pas répondre,I prefer not to answer,,,,personMobilityDeviceNotNone,
paratransitFrequencies,never,Jamais au cours des 12 derniers mois,Never in the last 12 months,,,,,
paratransitFrequencies,1orMorePerYear,1 à quelques jours au cours des 12 derniers mois,1 to a few days in the last 12 months,,,,,
paratransitFrequencies,1to3daysPerMonth,1 à 3 jours par mois,1 to 3 days per month,,,,,
paratransitFrequencies,1to4daysPerWeek,1 à 4 jours par semaine,1 to 4 days per week,,,,,
paratransitFrequencies,5to7daysPerWeek,5 à 7 jours par semaine,5 to 7 days per week,,,,,
paratransitFrequenciesTransit,never,Jamais au cours des 12 derniers mois,Never in the last 12 months,,,,doesNotUseTransitConditional,
paratransitFrequenciesTransit,1orMorePerYear,1 à quelques jours au cours des 12 derniers mois,1 to a few days in the last 12 months,,,,,
paratransitFrequenciesTransit,1to3daysPerMonth,1 à 3 jours par mois,1 to 3 days per month,,,,,
paratransitFrequenciesTransit,1to4daysPerWeek,1 à 4 jours par semaine,1 to 4 days per week,,,,,
paratransitFrequenciesTransit,5to7daysPerWeek,5 à 7 jours par semaine,5 to 7 days per week,,,,,
