namespace,key,label::fr,label::en,label_one::fr,label_one::en
household,addGroupedObject,Ajouter une personne manquante,Add a missing person,,
household,deleteThisGroupedObject,Supprimer cette personne,Delete this person,,
home,popup.homeOwnershipTitle,Pourquoi cette question?,Why this question?,,
home,popup.homeOwnershipContent,Le statut d’occupation du logement (locataire ou propriétaire) est associé à des comportements de mobilité différents. Cette information nous permet de mieux interpréter les résultats de l’enquête et de nous assurer que les données recueillies sont représentatives de l’ensemble des ménages de la région.,Housing occupancy status (renter or homeowner) is associated with different mobility behaviors. This information allows us to better interpret the survey results and ensures that the collected data is representative of all households in the region.,,
home,popup.householdSizeTitle,Qui inclure dans ce nombre?,Who should be included in this number?,,
home,popup.householdSizeContent,"<span class=""_green"">Inclure :</span>
- Vous-même
- Les enfants en garde partagée s'ils étaient présents à votre domicile le <span class=""_green"">{{assignedDate}}</span>
- Les chambreuses, les chambreurs et colocataires, ainsi que tous ceux et celles qui vivent en communauté domestique","<span class=""_green"">Include :</span>
- Yourself
- Children in shared custody if they were present at your home on <span class=""_green"">{{assignedDate}}</span>
- Roommates and housemates, as well as all people living in a shared household community",,
home,home_carParkingsAvailableVehicleHousehold_one,"**Stationnement(s) disponible(s) au domicile** pour le véhicule de votre ménage. 
__Vous pouvez laisser cette question vide si aucun choix ne s’applique à votre situation__","**Parking** available at home for your household's vehicle
__You may leave this question blank if none of the options apply to your situation.__",,
home,popup.householdCarNumberTitle,Quels véhicules inclure?,Which vehicles should be included?,,
home,popup.householdCarNumberContent,"<span class=""_green"">Inclure :</span> 
- Les automobiles, VUS, camions légers, camions et fourgonnettes
- Les véhicules fournis ou loués par un employeur que les membres de votre ménage utilisent pour aller au travail ou pour des raisons personnelles
<span class=""_red"">Ne pas inclure :</span> 
- Les mobylettes, scooters et motos (à essence ou électriques)
- Les véhicules d’autopartage
- Un véhicule stationné au lieu de travail utilisé exclusivement pour le travail
- Les véhicules remisés ou de collection utilisés rarement","<span class=""_green"">Include:</span>
- Cars, SUVs, light trucks, trucks, and vans
- Vehicles provided or leased by an employer that members of your household use for commuting or personal reasons
<span class=""_red"">Do not include:</span>
- Mopeds, scooters, and motorcycles (gas or electric)
- Car-sharing vehicles
- A vehicle parked at the workplace and used exclusively for work
- Stored or collector vehicles used rarely",,
home,popup.householdTwoWheelTitle,Quels véhicules inclure?,Which vehicles should be included?,,
home,popup.householdTwoWheelContent,"<span class=""_green"">Inclure :</span> 
- Les mobylettes, scooters et motos (à essence ou électriques)
<span class=""_red"">Ne pas inclure :</span> 
- Les automobiles, VUS, camions légers, camions et fourgonnettes
- Les vélos ou vélos électriques
- Les trottinettes ou trottinettes électriques","<span class=""_green"">Include:</span>
- Mopeds, and motorcycles (gas or electric)
<span class=""_red"">Do not include:</span>
- Cars, SUVs, light trucks, trucks, and vans
- Bicycles or electric bicycles
- Scooters or electric scooters",,
household,popup.studentTitle,Qui considérer comme étudiant?,Who should be considered a student?,,
household,popup.studentContent,"<span class=""_green"">Inclure :</span>
- Tous les étudiants et élèves à partir de 15 ans, indépendamment du niveau d'enseignement.
- Toute personne suivant des cours de façon régulière via un établissement.
- Toute personne actuellement en stage / alternance / apprentissage, mais inscrite dans un établissement d'enseignement.
<span class=""_red"">Ne pas inclure :</span>
- Les formations ponctuelles ou en ligne.
- Les cours particuliers, etc.","<span class=""_green"">Include:</span>
- All students and pupils aged 15 and over, regardless of level of education
- Anyone taking regular courses through an educational institution
- Anyone currently in an internship, apprenticeship, or co-op program, but enrolled in an educational institution
<span class=""_red"">Do not include:</span>
- One-time or online training courses
- Private lessons, etc.",,
household,popup.workerTitle,Qui considérer comme travailleur?,Who should be considered a worker?,,
household,popup.workerContent,"<span class=""_green"">Inclure :</span> 
- Toute personne avec un emploi ou une entreprise, même si temporairement absente au moment de répondre (ex. : congé de maladie, congé parental, vacances, mise à pied temporaire). 
- Tout travailleur salarié ou à son compte.
<span class=""_red"">Ne pas inclure :</span> 
- Les personnes sans emploi et ne cherchant pas de travail.","<span class=""_green"">Include:</span>
- Anyone with a job or a business, even if temporarily absent at the time of responding (e.g., sick leave, parental leave, vacation, temporary layoff)
- Both salaried employees and self-employed workers
<span class=""_red"">Do not include:</span>
- People without a job and not looking for work",,
segments,junctionGeographyRefreshGeocodingLabel,Chercher le lieu de jonction à partir du nom ou de l'adresse,Search the junction location using the place name or address,,
segments,driverFamily,Ami ou famille,Friend or family,,
segments,driverColleague,Un collègue de travail ou d'études,A work colleague or fellow classmate,,
segments,driverTaxi,Chauffeur Taxi ou Uber,Taxi or Uber driver,,
segments,driverTransitTaxi,Chauffeur Taxi collectif / transport à la demande,Taxibus / On-demand transport driver,,
segments,driverParaTransit,Chauffeur Transport adapté,Para-transit driver,,
segments,driverCarpool,"Chauffeur Covoiturage (ex: Amigo Express, Kangaride)","Carsharing driver (ex: Amigo Express, Kangaride)",,
segments,driverOther,Une autre personne,Another person,,
segments,driverDontKnow,Je ne sais pas,I don't know,,
segments,driverFamilyMemberSeq,Personne {{sequence}},Person {{sequence}},,
visitedPlaces,visitedPlaceActivityCategory_firstLocation,Activité principale au lieu de départ de la journée{{reminderText}},Main activity carried out at the starting point of the day{{reminderText}},,
visitedPlaces,visitedPlaceActivityCategory_afterHome,Activité principale au premier lieu visité dans la journée après avoir quitté le domicile{{reminderText}},Main activity carried out at the first location visited after leaving home{{reminderText}},,
visitedPlaces,VisitedPlaceSequence,Lieu {{count}},Location #{{count}},Lieu de départ de la journée,Departure place for this day
visitedPlaces,ConfirmDeleteVisitedPlace,Confirmez-vous que vous voulez retirer ce lieu?,Do you confirm that you want to remove this location?,,
visitedPlaces,visitedPlaceNameExample_workUsual,"Tour Banque Nationale, Coin Peel et Sherbrooke","National Bank tower, Corner Peel and Sherbrooke",,
visitedPlaces,visitedPlaceNameExample_workUsual_onTheRoadOften,"Centre de distribution Rosemère, Resto St-Hubert BBQ Ahuntsic","Rosemère distribution center, Kirkland St-Hubert BBQ",,
visitedPlaces,visitedPlaceNameExample_workNotUsual,"Palais des congrès de Mtl, Espace Coworking Jarry","Montreal Palais des congrès, Jarry Coworking space",,
visitedPlaces,visitedPlaceNameExample_schoolUsual,"École St-Cécile, Collège de Maisonneuve, UQAM","St-Cécile school, Dawson college, McGill",,
visitedPlaces,visitedPlaceNameExample_schoolNotUsual,"Bibliothèque St-Michel, École Marie-Favery","St-Michel library, Marie-Favery school",,
visitedPlaces,visitedPlaceNameExample_shopping,"Dix30, Provigo Baie d'Urfé, IKEA Boucherville","Dix30, Provigo Baie d'Urfé, IKEA Ville St-Laurent",,
visitedPlaces,visitedPlaceNameExample_restaurant,"Allô mon coco Centropolis, Scores Place Vertu, Resto Subway sur Fleury","Eggspectation on de Maisonneuve, Scores at Place Vertu, Subway restaurant on Fleury",,
visitedPlaces,visitedPlaceNameExample_dropSomeone,"Station métro Cadillac, Aréna d'Outremont, École Sophie Barat…","Cadillac metro station, Outremont arena, Sophie Barat high school",,
visitedPlaces,visitedPlaceNameExample_fetchSomeone,"Station métro Cadillac, Aréna d'Outremont, École Sophie Barat…","Cadillac metro station, Outremont arena, Sophie Barat high school",,
visitedPlaces,visitedPlaceNameExample_leisureArtsMusicCulture,"Cinéma Beaubien, Théâtre St Denis, Jardin Botanique","Spheretech Guzzo cinema, Centaur Theatre, Botanical gardens",,
visitedPlaces,visitedPlaceNameExample_leisureSports,"Nautilus Châteauguay, Escalade Allez-up Verdun, Parc Jarry","Nautilus Rockland center, Shakti Rock Gym, Jarry park",,
visitedPlaces,visitedPlaceNameExample_leisureTourism,"Camping au Pin d'Érable, Paris France, Toronto","Camping in Pin d'Érable, Paris France, Toronto Ontario ",,
visitedPlaces,visitedPlaceNameExample_leisureStroll,"Parc du Mont-Royal, Ile Charron, Parc Maurice Richard","Mount-Royal park, Ile Charron, Maurice Richard park",,
visitedPlaces,visitedPlaceNameExample_visiting,"8540 rue Toupin Montréal, Vieux Ste-Rose, Coin Bellechasse et Pie-IX, …","8540 Toupin street Montreal, Old Ste-Rose, Corner Bellechasse and Pie-IX, …",,
visitedPlaces,visitedPlaceNameExample_medical,"Clinique Sunnybrooke, Hôpital Sacré Cœur, CLSC du Ruisseau-Papineau","Sunnybrooke clinic, MUHC, Villeray CLSC",,
visitedPlaces,visitedPlaceNameExample_service,"Coiffure Chez Carole Mtl Est, Caisse Desjardins Terrebonne","Chez Carole barber Mtl Est, Caisse Desjardins Terrebonne",,
visitedPlaces,visitedPlaceNameExample_worship,"Église La Citadelle, Mosquée Abou Bakr Asseddique, Synagogue Ahavath Israel","La Citadelle church, Abou Bakr Asseddique mosque, Congregation Ahavath Israel",,
visitedPlaces,visitedPlaceNameExample_secondaryHome,"Laurentides, Saint Sauveur","Laurentides, Saint Sauveur",,
visitedPlaces,visitedPlaceNameExample_schoolNotStudent,"École de langue CLIC Montréal, Ecole de conduite Lauzon","CLIC Montréal language centre, Lauzon driving school",,
visitedPlaces,visitedPlaceNameExample_schoolChild,École St-Cécile,St-Cécile school,,
visitedPlaces,visitedPlaceNameExample_accompany,"Aréna de La Prairie, Clinique dentaire DDO","La Prairie Arena, DDO Dental Clinic",,
visitedPlaces,visitedPlaceNameExample_pickClassifiedPurchase,"8540 rue Toupin, Montréal","8540 Toupin street, Montreal",,
visitedPlaces,visitedPlaceNameExample_vet,Hôpital vétérinaire de Terrebonne,Terrebonne Veterinary Hospital,,
visitedPlaces,visitedPlaceNameExample_volunteering,"Centre de bénévolat et Moisson Laval, SPCA Roussillon, Le Chainon rue Saint Laurent","Volunteer Centre and Moisson Laval, SPCA Roussillon, Le Chainon on Saint Laurent Street",,
visitedPlaces,visitedPlacePreviousPreviousDepartureTime_home_usualWorkPlace,{{nickname}} a quitté le domicile pour aller à son lieu habituel de travail à?,{{nickname}} left home to go to {{gender:his/her/their/their}} usual work place?,Vous avez quitté le domicile pour aller à votre lieu habituel de travail à?,You left home to go to your usual work place at?
visitedPlaces,visitedPlacePreviousPreviousDepartureTime_usualWorkPlace,{{nickname}} a quitté le lieu précédent ({{previousPlaceDescription}}) pour aller à son lieu habituel de travail à?,{{nickname}} left the previous location ({{previousPlaceDescription}}) to go to {{gender:his/her/their/their}} usual work place?,Vous avez quitté le lieu précédent ({{previousPlaceDescription}}) pour aller à votre lieu habituel de travail à?,You left the previous location ({{previousPlaceDescription}}) to go to your usual work place at?
visitedPlaces,visitedPlacePreviousArrivalTime_home,À quelle heure {{nickname}} est-{{gender :il/elle/iel/il(-elle)}} arriv{{gender:é/ée/é(e)/é(e)}} au domicile avant de débuter ses déplacements sur la route?,At what time did {{nickname}} arrive home before starting {{gender:his/her/their/their}} on the road trips?,À quelle heure êtes-vous arriv{{gender:é/ée/é(e)/é(e)}} au domicile avant de débuter vos déplacements sur la route?,At what time did you arrive home before starting your on the road trips?
visitedPlaces,visitedPlacePreviousArrivalTime_workUsual,À quelle heure {{nickname}} est-{{gender:il/elle/iel/il(-elle)/il(-elle)}} arriv{{gender:é/ée/é(e)/é(e)}} à son lieu de travail habituel avant de débuter ses déplacements sur la route?,At what time did {{nickname}} arrive at {{gender:his/her/their/their}} usual work place before starting {{gender:his/her/their/their}} on the road trips?,À quelle heure êtes-vous arriv{{gender:é/ée/é(e)/é(e)}} à votre lieu de travail habituel avant de débuter vos déplacements sur la route?,At what time did you arrive at your usual work place before starting your on the road trips?
visitedPlaces,visitedPlacePreviousDepartureTime_home_workUsual,À quelle heure {{nickname}} a-t-{{gender:il/elle/iel/il(-elle)}} quitté le domicile pour aller au travail?,At what time did {{nickname}} leave home before going to work?,À quelle heure avez-vous quitté le domicile pour aller au travail?,At what time did you leave home before going to work?
visitedPlaces,visitedPlacePreviousDepartureTime_home_schoolUsual,À quelle heure {{nickname}} a-t-{{gender:il/elle/iel/il(-elle)}} quitté le domicile pour aller au lieu d'études/école?,At what time did {{nickname}} leave home before going to school?,À quelle heure avez-vous quitté le domicile pour aller au lieu d'études/école?,At what time did you leave home before going to school?
visitedPlaces,visitedPlacePreviousDepartureTime_home_other,À quelle heure {{nickname}} a-t-{{gender:il/elle/iel/il(-elle)}} quitté le domicile pour aller à cet endroit ({{visitedPlaceDescription}})?,At what time did {{nickname}} leave home before going to this place ({{visitedPlaceDescription}})?,À quelle heure avez-vous quitté le domicile pour aller à cet endroit ({{visitedPlaceDescription}})?,At what time did you leave home before going to this place ({{visitedPlaceDescription}})?
visitedPlaces,visitedPlacePreviousDepartureTime_home_workOnTheRoad,À quelle heure {{nickname}} a-t-{{gender:il/elle/iel/il(-elle)}} quitté le domicile avant de débuter ses déplacements sur la route?,At what time did {{nickname}} leave home before starting {{gender:his/her/their/their}} on the road trips?,À quelle heure avez-vous quitté le domicile avant de débuter vos déplacements sur la route?,At what time did you leave home before starting your on the road trips?
visitedPlaces,visitedPlacePreviousDepartureTime_usualWorkPlace_workOnTheRoad,À quelle heure {{nickname}} a-t-{{gender:il/elle/iel/il(-elle)}} quitté son lieu de travail habituel avant de débuter ses déplacements sur la route?,At what time did {{nickname}} leave {{gender:his/her/their/their}} usual work place before starting {{gender :his/her/their/their}} on the road trips?,À quelle heure avez-vous quitté votre lieu de travail habituel avant de débuter vos déplacements sur la route?,At what time did you leave your usual work place before starting your on the road trips?
visitedPlaces,visitedPlaceArrivalTime_workOnTheRoad,{{nickname}} a commencé ses déplacements sur la route à: ,{{nickname}} started their trips on the road at:,Vous avez commencé vos déplacements sur la route à:,You started your trips on the road at:
visitedPlaces,visitedPlaceArrivalTime_leisureStroll,{{nickname}} a commencé sa promenade à:,{{nickname}} started their stroll at:,Vous avez commencé votre promenade à: ,You started your stroll at:
visitedPlaces,visitedPlaceDepartureTime_leisureStroll,{{nickname}} a terminé sa promenade à:,{{nickname}} finished their stroll at:,Vous avez terminé votre promenade à:,You finished your stroll at:
visitedPlaces,visitedPlaceDepartureTime_workOnTheRoad,{{nickname}} a terminé ses déplacements sur la route à:,{{nickname}} finished their trips on the road at:,Vous avez terminé vos déplacements sur la route à:,You finished your trips on the road at:
visitedPlaces,activityCategories.work,Travail,Work,,
visitedPlaces,activityCategories.schoolStudies_interval,(1-15)[École];(15-inf)[Études];,(1-15)[School];(15-inf)[Studies];,,
visitedPlaces,activityCategories.shoppingServiceRestaurant,"Magasinage, Service ou Restauration","Shopping, Services or Restaurant",,
visitedPlaces,activityCategories.dropFetchSomeone,Reconduire ou Aller chercher quelqu'un,Drop someone off or Pick someone up,,
visitedPlaces,activityCategories.leisure,"Loisirs (sport, arts, promenade, etc.)","Leisure (sport, arts, stroll, etc.)",,
visitedPlaces,activityCategories.other,Autre,Other,,
visitedPlaces,activityCategories.otherParentHome,Domicile de l'autre parent ou tuteur,Home of the other parent or guardian,,
visitedPlaces,activityCategories.home,Domicile,Home,,
visitedPlaces,activities.workUsual,Travail au lieu habituel,Work (out-of-home fixed location),,
visitedPlaces,activities.workNotUsual,Travail dans un autre lieu,Work (other place),,
visitedPlaces,activities.workOnTheRoad,Travail sur la route,Work on the road,,
visitedPlaces,activities.volunteering,Bénévolat,Volunteering,,
visitedPlaces,activities.schoolUsual,Études au lieu principal,"Studies ([établissement scolaire]/high school, college, university)",,
visitedPlaces,activities.schoolNotUsual,Études dans un autre lieu,Studies (different location),,
visitedPlaces,activities.shopping,"Magasinage (achats, station-service, épicerie, etc.)","Shopping (store, gas station, grocery)",,
visitedPlaces,activities.restaurant,"Restaurant, café, bar","Restaurant, coffee shop, bar",,
visitedPlaces,activities.service,"Service (coiffeur, réparations, avocat, banque, etc.)","Service (hairdresser, repairs, lawyer, bank)",,
visitedPlaces,activities.medical,"Santé (hôpital, clinique, physiothérapie, etc.)","Medical (clinic, hospital, physiotherapy)",,
visitedPlaces,activities.veterinarian,Vétérinaire,Veterinary,,
visitedPlaces,activities.worship,Lieu de culte,Place of worship,,
visitedPlaces,activities.pickClassifiedPurchase,Récupérer un achat chez un particulier (petites annonces),Pick up an item from a private seller (online marketplace/classifieds),,
visitedPlaces,activities.other,Autre,Other,,
visitedPlaces,activities.dropSomeone,Reconduire quelqu'un,Drop someone off,,
visitedPlaces,activities.fetchSomeone,Aller chercher quelqu'un,Pick someone up,,
visitedPlaces,activities.accompanySomeone,Accompagner quelqu'un,Accompany someone,,
visitedPlaces,activities.leisureStroll,"Promenade sans destination fixe (ex. : aller courir, promener le chien)","Stroll with no fixed destination (ex: go running/jogging, walk with pet, etc.)",,
visitedPlaces,activities.leisureSports,"Sport, entrainement, aller au parc (destination fixe)","Sport, training, park",,
visitedPlaces,activities.leisureArtsMusicCulture,"Arts, Musique ou culture","Arts, Music ou culture",,
visitedPlaces,activities.leisureTourism,"Vacances, tourisme","Vacation, tourism",,
visitedPlaces,activities.visiting,"Visite chez ami.e.s, copain.e ou famille","Visiting friends, partner or family",,
visitedPlaces,activities.volunteering,Bénévolat,Volunteering,,
visitedPlaces,activities.secondaryHome,Résidence secondaire,Secondary residence,,
visitedPlaces,activities.schoolNotStudent,Études,Studies,,
visitedPlaces,onTheRoadNextPlaceCategoryChoices.wentBackHome,Domicile,Home,,
visitedPlaces,onTheRoadNextPlaceCategoryChoices.wentToUsualWorkPlace,Lieu de travail habituel,Usual work place,,
visitedPlaces,onTheRoadNextPlaceCategoryChoices.visitedAnotherPlace,Autre lieu,Other location,,
visitedPlaces,onTheRoadNextPlaceCategoryChoices.stayedThereUntilTheNextDay,{{nickname}} a complété ses déplacements sur la route après 4:00 du matin le lendemain,{{nickname}} completed {{gender:his/her/their/their}} work on the road trips after 4AM the next day,J'ai complété mes déplacements sur la route après 4:00 du matin le lendemain,I completed my work on the road trips after 4AM the next day
visitedPlaces,reminderText,"
<span style=""background-color:#fff6cc;"">&#x26A0; Rappel : déplacement avec {{otherNickname}} à {{time}} &#8594; {{origin}} vers {{destination}}</span>","
<span style=""background-color:#fff6cc;"">&#x26A0;Reminder: trip with {{otherNickname}} at {{time}} &#8594; {{origin}} to {{destination}}</span>",,
household,errors.selectDontKnowWhenNoOtherChoiceSelected,"Sélectionnez ""Ne sais pas"" seulement si aucun autre choix n'est sélectionné.","Select ""Don't know"" only if no other choice is selected.",,
household,errors.selectNoWhenNoOtherChoiceSelected,"Sélectionnez ""Non"" seulement si aucun autre choix n'est sélectionné.","Select ""no"" only if no other choice is selected.",,
household,errors.selectNoneWhenNoOtherChoiceSelected,"Sélectionnez ""Aucun pour le mois en cours"" seulement si aucun autre choix n'est sélectionné.","Select ""None for the current month"" only if no other choice is selected.",,
household,errors.selectPreferNotToAnswerWhenNoOtherChoiceSelected,"Sélectionnez ""Préfère ne pas répondre"" seulement si aucun autre choix n'est sélectionné.","Select ""Prefer not to answer"" only if no other choice is selected.",,
household,errors.selectNoTravelWhenNoOtherChoiceSelected,"Sélectionnez ""Pas de déplacement"" seulement si aucun autre choix n'est sélectionné.","Select ""No Travel"" only if no other choice is selected.",,
household,errors.selectOneOrMoreAnswer,Sélectionnez une ou des réponses.,Select one or multiple choices.,,
household,errors.selectNoRemoteWorkWhenNoOtherChoiceSelected,"Sélectionnez ""Pas de télé-travail"" seulement si aucun autre choix n'est sélectionné.","Select ""No remote work"" only if no other choice is selected.",,
household,errors.selectNoRemoteStudyWhenNoOtherChoiceSelected,"Sélectionnez ""Pas de télé-études"" seulement si aucun autre choix n'est sélectionné.","Select ""No remote studies"" only if no other choice is selected.",,
household,popup.validateHouseholdAgesHelp,Au moins un membre de votre ménage doit avoir 16 ans ou plus pour répondre à ce questionnaire. Veuillez vérifier les âges.,At least one member of your household must be 16 years old or older to respond to this survey. Please verify ages.,Vous devez avoir au moins 16 ans pour répondre à ce questionnaire.,You must be at least 16 years old to respond to this survey.
household,schoolTypeLessThan4,**Type de garde**,**Childcare type**,,
household,schoolTypeBetween4And15,**Type d'école**,**School type**,,
household,errors.nicknameMustBeUnique,Le nom ou surnom doit être unique,The name or nickname must be unique,,
household,popup.transitFareTitle,Zones tarifaires?,Fare zones?,,
household,popup.transitFareContent,Carte + tableau des tarifs,Carte + tableau des tarifs,,
visitedPlaces,onTheRoadArrivalTypeHome,Domicile,Home,,
visitedPlaces,onTheRoadArrivalTypeUsualWorkPlace,Lieu de travail habituel,Usual work place,,
visitedPlaces,onTheRoadArrivalTypeOther,Autre lieu,Other location,,
visitedPlaces,onTheRoadArrivalTypeStayedThereUntilTheNextDay,{{nickname}} a complété ses déplacements sur la route après 4:00 du matin le lendemain,{{nickname}} completed {{gender:his/her/their/their}} work on the road trips after 4AM the next day,J'ai complété mes déplacements sur la route après 4:00 du matin le lendemain,I completed my work on the road trips after 4AM the next day
visitedPlaces,nextPlaceRadioChoices.stayedHomeUntilTheNextDay,Rest{{gender:é/ée/é(e)/é(e)}} au domicile jusqu'au lendemain,Stayed home until the next day,,
visitedPlaces,nextPlaceRadioChoices.stayedThereUntilTheNextDay,Rest{{gender:é/ée/é(e)/é(e)}} à cet endroit jusqu'au lendemain,Stayed at this place until the next day,,
visitedPlaces,nextPlaceRadioChoices.visitedAnotherPlace,All{{gender:é/ée/é(e)/é(e)}} à un autre endroit,Went elsewhere,,
visitedPlaces,nextPlaceRadioChoices.wentBackHome,Retourn{{gender:é/ée/é(e)/é(e)}} au domicile ({{address}}),Returned home ({{address}}),,
segments,onDemandChoicesPickupAtOrigin,"Oui, il est venu chercher {{nickname}} à son lieu de départ","Yes, it picked {{nickname}} up at their departure location","Oui, il est venu me chercher à mon lieu de départ","Yes, it picked me up at my departure location"
segments,onDemandChoicesJoinedStop,"Oui, {{nickname}} a rejoint un arrêt","Yes, {{nickname}} went to a stop","Oui, j'ai rejoint un arrêt","Yes, I went to a stop"
segments,busLinesOther,Autre(s) ligne(s) de bus,Other bus line(s),,
segments,busLinesDontKnow,Ligne(s) inconnue(s),Unknown line(s),,
segments,busLinesAreCorrect,Les lignes de bus sont correctes,Bus lines are correct,,
segments,busLinesWarningRequired,Veuillez valider les lignes de bus ou confirmer que ce sont les bonnes lignes.,Please validate the bus lines or confirm that lines are correct.,,
segments,segmentIntro_workOnTheRoad,Veuillez indiquer le mode principal utilisé pour effectuer les déplacements sur la route :,Please specify the primary mode of transportation used for the trips on the road:,,
segments,segmentIntro_leisureStroll,Veuillez indiquer le mode principal utilisé pour effectuer la promenade :,Please specify the primary mode of transportation used for the stroll:,,
segments,segmentModePre_workOnTheRoad,Quel mode de transport a été utilisé pour les déplacements sur la route?,What mode of transportation was used for the trips on the road?,,
segments,segmentModePre_leisureStroll,Quel mode de transport a été utilisé pour la promenade?,What mode of transportation was used for the stroll?,,
segments,toStopType_transitBus,à l'**arrêt de bus**,the **bus stop**,,
segments,toStopType_transitRRT,à la **station de métro**,the **metro station**,,
segments,toStopType_transitLRRT,à la **station de REM**,the **REM station**,,
segments,toStopType_transitRegionalRail,à la **gare de train**,the **train station**,,
segments,toStopType_transitStreetCar,à l'**arrêt du tramway**,the **tram station**,,
segments,toStopType_intercityBus,à la **gare d'autobus**,the **bus station**,,
segments,toStopType_transitFerry,au **quai d'embarquement**,the **ferry boarding**,,
segments,toStopType_intercityTrain,à la **gare de train**,the **train station**,,
segments,toStopType_plane,à l'**aéroport**,the **airport**,,
segments,toStopType,à l'**arrêt**,the **stop**,,
segments,fromStopType_transitBus,de l'**arrêt de bus**,from the **bus stop**,,
segments,fromStopType_transitRRT,de la **station de métro**,from the **metro station**,,
segments,fromStopType_transitLRRT,de la **station de REM**,from the **REM station**,,
segments,fromStopType_transitRegionalRail,de la **gare de train**,from the **train station**,,
segments,fromStopType_transitStreetCar,de l'**arrêt du tramway**,from the **tram station**,,
segments,fromStopType_intercityBus,de la **gare d'autobus**,from the **bus station**,,
segments,fromStopType_transitFerry,du **quai d'embarquement**,from the **ferry boarding**,,
segments,fromStopType_intercityTrain,de la **gare de train**,from the **train station**,,
segments,fromStopType_plane,de l'**aéroport**,from the **airport**,,
segments,fromStopType,de l'**arrêt**,from the **stop**,,
segments,metroTransferStation.none,Aucune,None,,
segments,errors.tripCommonNoOnlySelection,"Vous ne pouvez sélectionner des membres du ménage et l'option ""Non"" en même temps","You cannot select other household members and the option ""No"" at the same time",,
household,workPlaceBeforeLeaveTypeChoicesOnLocation,{{nickname}} travaille en présentiel en tout temps à un lieu fixe hors domicile,{{nickname}} works in person at a fixed location away from home at all times,Je travaille en présentiel en tout temps à un lieu fixe hors domicile,I work in person at a fixed location away from home at all times
household,workPlaceBeforeLeaveTypeChoicesHybrid,{{nickname}} travaille en mode hybride (télétravail et en présentiel),{{nickname}} works in a hybrid mode (remote and in-person),Je travaille en mode hybride (télétravail et en présentiel),I work in a hybrid mode (remote and in-person)
household,workPlaceBeforeLeaveTypeChoicesRemote,{{nickname}} travaille toujours au domicile ou à distance,{{nickname}} always works from home or remotely,Je travaille toujours au domicile ou à distance,I always work from home or remotely
household,workPlaceBeforeLeaveTypeChoicesOnTheRoadWithUsualPlace,"{{nickname}} travaille sur la route avec départ d'un lieu fixe (ex: garage, bureau, poste, restaurant, etc.)","{{nickname}} works on the road, starting from a fixed location (e.g., garage, office, station, restaurant, etc.)","Je travaille sur la route avec départ d'un lieu fixe (ex: garage, bureau, poste, restaurant, etc.)","I work on the road, starting from a fixed location (e.g., garage, office, station, restaurant, etc.)"
household,workPlaceBeforeLeaveTypeChoicesOnTheRoadWithoutUsualPlace,{{nickname}} travaille sur la route avec départ du domicile,"{{nickname}} works on the road, starting from home",Je travaille sur la route avec départ du domicile,"I work on the road, starting from home"
tripsIntro,WhyThisDate,Pourquoi cette journée?,Why this day?,,
tripsIntro,WhyThisDateExplanation,revoir le texte,review text,,
tripsIntro,personDidTripsConfirmChoiceNo,{{nickname}} n'a effectué aucun déplacement le {{journeyDate}},{{nickname}} did not make any trips on {{journeyDate}},Je n'ai effectué aucun déplacement le {{journeyDate}},I did not make any trips on {{journeyDate}}
tripsIntro,personDidTripsConfirmChoiceYes,{{nickname}} a effectué au moins un déplacement le {{journeyDate}},{{nickname}} did make at least one trip on {{journeyDate}},J'ai effectué au moins un déplacement le {{journeyDate}},I did make at least one trip on {{journeyDate}}
tripsIntro,outOfTerritoryChoiceNo,"Non, {{nickname}} est rest{{gender:é/ée/é(e)}} à cet endroit jusqu’au lendemain","No, {{nickname}} stayed at this place until the next day","Non, je suis rest{{gender:é/ée/é(e)}} à cet endroit jusqu’au lendemain","No, I stayed at this place until the next day"
tripsIntro,outOfTerritoryChoiceNo_hotelForWork,"Non, {{nickname}} est rest{{gender:é/ée/é(e)}} en voyage pour le travail jusqu’au lendemain","No, {{nickname}} stayed away for work until the next day","Non, je suis rest{{gender:é/ée/é(e)}} en voyage pour le travail jusqu’au lendemain","No, I stayed away for work until the next day"
tripsIntro,outOfTerritoryChoiceNo_hotelForVacation,"Non, {{nickname}} est rest{{gender:é/ée/é(e)}} en vacances jusqu’au lendemain","No, {{nickname}} stayed on vacation until the next day","Non, je suis rest{{gender:é/ée/é(e)}} en vacances jusqu’au lendemain","No, I stayed on vacation until the next day"
tripsIntro,outOfTerritoryChoiceYes,"Oui, {{nickname}} est reven{{gender:u/ue/u(e)}} au domicile avant le lendemain","Yes, {{nickname}} returned home before the next day","Oui, je suis reven{{gender:u/ue/u(e)}} au domicile avant le lendemain","Yes, I returned home before the next day"
tripsIntro,outOfTerritoryMembersChoiceNone,{{nickname}} était seul{{gender:/e/(e)}},{{nickname}} was alone,J'étais seul{{gender:/e/(e)}},I was alone
tripsIntro,errors.personOutOfTerritoryMembersRequired,Vous devez sélectionner au moins une réponse,You must select at least one answer,,
tripsIntro,errors.selectNoneSingleChoice,Vous ne pouvez sélectionner des membres du ménage et l'option d'être seul en même temps,You cannot select other household members and the option to be alone at the same time,,
end,errors.inputRangeMustBePositiveOrZero,Veuillez placer le bouton à l'intérieur de la plage de réponse.,Make sure your slider button is inside the range.,,
segments,mode.Walk,**Marche**,**Walking**,,
segments,mode.Bicycle,**Vélo**,**Bicycle**,,
segments,mode.BicycleElectric,**Vélo électrique**,**E-Bike** (electric bicycle),,
segments,mode.KickScooterElectric,**Trottinette électrique**,**E-Scooter** (electric scooter),,
segments,mode.Wheelchair,**Chaise roulante**,**Wheelchair**,,
segments,mode.MobilityScooter,**Quadriporteur/triporteur**,**Mobility scooter**,,
segments,mode.TransitRRT,**Métro**,**Metro** (subway),,
segments,mode.TransitLRRT,**REM**,**REM**,,
segments,mode.TransitRegionalRail,**Train de banlieue** (exo),**Commuter train** (exo),,
segments,mode.TransitStreetCar,**Tramway**,**Tram**,,
segments,mode.TransitBus,**Bus** (transport collectif),**Bus** (public transit),,
segments,mode.TransitTaxi,**Taxi collectif** / Transport à la demande,**Taxibus** / On-demand transport,,
segments,mode.IntercityBus,"**Bus interurbain** (Orléans, Kéolis, etc.)","**Intercity bus** (Orleans, Keolis, etc.)",,
segments,mode.SchoolBus,**Autobus scolaire** (jaune),**School bus** (yellow),,
segments,mode.OtherBus,**Bus nolisé** ou privé,**Chartered** or private **bus**,,
segments,mode.CarDriverRental,"**Voiture louée** (Hertz, Enterprise, Budget, Avis, etc.)","**Rental car** (Hertz, Enterprise, Budget, Avis, etc.)",,
segments,mode.CarDriver,"**Voiture personnelle** (appartenant à soi, un.e ami.e, la famille, etc.)","**Personal car** (can belong to self, friend, family, etc)",,
segments,mode.CarDriverCarsharing,**Autopartage** (ex. Communauto),**Carsharing** (ex. Communauto),,
segments,mode.Motorcycle,**Moto** (ou scooter),**Motorcycle** (or motorized scooter/moped),,
segments,mode.TransitFerry,**Traversier ou navette fluviale** sans véhicule,**Ferry or river shuttle** without vehicle,,
segments,mode.FerryWithCar,**Traversier avec véhicule**,**Ferry with vehicles**,,
segments,mode.IntercityTrain,**Train interurbain** (VIA Rail),**Intercity train** (VIA Rail),,
segments,mode.CarPassenger,**Passager** (voiture/moto/scooter),**Passenger** (car/motorcycle/moped),,
segments,mode.OtherActiveMode,"Autre mobilité active (course, trottinette, skateboard)","Other active modes (running, scooter, skateboard)",,
segments,mode.Paratransit,**Transport adapté**,**Paratransit**,,
segments,mode.Plane,**Avion**,**Airplane**,,
segments,mode.Other,**Autre**,**Other**,,
segments,mode.Taxi,**Taxi** ou équivalent (ex. Uber),**Taxi** or equivalent (eg. Uber),,
segments,mode.DontKnow,**Je ne sais pas** / Préfère ne pas répondre,**I don't know** / Prefer not to answer,,
segments,mode.CarDriver_workOnTheRoad,Conducteur (véhicule personnel),Driver (personal vehicle),,
segments,mode.CarDriverProfesionnal_workOnTheRoad,Conducteur (véhicule de travail ou commercial),Driver (work or commercial vehicle),,
segments,mode.CarPassenger_workOnTheRoad,"Passager (de véhicule personnel, de travail ou commercial)","Passenger (in a personal, work, or commercial vehicle)",,
segments,mode.Transit_workOnTheRoad,"Transport en commun (bus, métro, REM, train de banlieue, ...)","Public transit (bus, metro, REM, commuter train, etc.)",,
segments,mode.Walk_workOnTheRoad,Marche,Walking,,
segments,mode.Bicycle_workOnTheRoad,Vélo ou vélo électrique,Bicycle or electric bicycle,,
segments,mode.Walk_leisureStroll,Marche,Walking,,
segments,mode.Bicycle_leisureStroll,Vélo ou vélo électrique,Bicycle or electric bicycle,,
segments,mode.OtherActiveMode_leisureStroll,"Autre mobilité active (course, trottinette, skateboard)","Other active modes (running, scooter, skateboard)",,
segments,mode.CarDriver_leisureStroll,Auto en tant que conducteur,Car as driver,,
segments,mode.CarPassenger_leisureStroll,Auto en tant que passager,Car as passenger,,
segments,mode.Transit_leisureStroll,Transport en commun,Public transit,,
segments,mode.short.Walk,Marche,Walking,,
segments,mode.short.Bicycle,Vélo,Bicycle,,
segments,mode.short.BicycleElectric,Vélo électrique,E-Bike (electric bicycle),,
segments,mode.short.KickScooterElectric,Trottinette électrique,E-Scooter (electric scooter),,
segments,mode.short.Wheelchair,Chaise roulante,Wheelchair,,
segments,mode.short.MobilityScooter,Quadriporteur/triporteur,Mobility scooter,,
segments,mode.short.TransitRRT,Métro,Metro (subway),,
segments,mode.short.TransitLRRT,REM,REM,,
segments,mode.short.TransitRegionalRail,Train de banlieue (exo),Commuter train (exo),,
segments,mode.short.TransitStreetCar,Tramway,Tram,,
segments,mode.short.TransitBus,Bus (transport collectif),Bus (public transit),,
segments,mode.short.TransitTaxi,Taxi collectif / Transport à la demande,Taxibus / On-demand transport,,
segments,mode.short.IntercityBus,Bus interurbain,Intercity bus,,
segments,mode.short.SchoolBus,Autobus scolaire (jaune),School bus (yellow),,
segments,mode.short.OtherBus,Bus nolisé ou privé,Chartered or private bus,,
segments,mode.short.CarDriverRental,Voiture louée,Rental car,,
segments,mode.short.CarDriver,Voiture personnelle,Personal car,,
segments,mode.short.CarDriverCarsharing,Autopartage,Carsharing,,
segments,mode.short.Motorcycle,Moto ou scooter,Motorcycle or moped,,
segments,mode.short.TransitFerry,Traversier ou navette fluviale sans véhicule,Ferry or river shuttle without vehicle,,
segments,mode.short.FerryWithCar,Traversier avec véhicule,Ferry with vehicles,,
segments,mode.short.IntercityTrain,Train interurbain,Intercity train,,
segments,mode.short.CarPassenger,Passager (voiture/moto/scooter),Passenger (car/motorcycle/moped),,
segments,mode.short.OtherActiveMode,"Autre mobilité active (course, trottinette, skateboard)","Other active modes (running, scooter, skateboard)",,
segments,mode.short.Paratransit,Transport adapté,Paratransit,,
segments,mode.short.Plane,Avion,Airplane,,
segments,mode.short.Other,Autre,Other,,
segments,mode.short.Taxi,Taxi ou équivalent (ex. Uber),Taxi or equivalent (eg. Uber),,
segments,mode.short.DontKnow,Je ne sais pas / Préfère ne pas répondre,I don't know / Prefer not to answer,,
segments,errors.trainStationsIncoherent,La ou les station(s) de transfert semblent incohérentes pour ce déplacement,The transfer station(s) do not seem coherent for this trip,,
segments,prefilledSegmentNote,"
__**Note:** Information pré-remplie en fonction de la déclaration de {{referenceNickname}}. Vérifier que les informations sont correctes et changer au besoin.__","
__**Note:** Information prefilled from {{referenceNickname}}'s trip diary. Verify if the information is correct and change if needed.__",,
travelBehavior,personHasSchoolPlace_schoolchildcare,"Est-ce que {{nickname}} fréquente un établissement scolaire, une garderie ou CPE?","Does {{nickname}} attend a school, daycare or CPE?",,
travelBehavior,workCommutingHelpPopup.title,Pourquoi cette question?,Why this question?,,
travelBehavior,workCommutingHelpPopup.content,"Inspirée du Recensement de Statistique Canada, cette question permet de comparer les modes de navettage entre enquêtes.","Inspired by Statistics Canada’s Census, this question allows for comparison of commuting modes across surveys.",,
travelBehavior,personUsualWorkPlaceCommuting_onTheRoadWithUsualPlace,"Quel moyen de transport utilise habituellement {{nickname}} pour** se rendre à son lieu de travail?** 
__Si plusieurs modes sont utilisés, indiquer le mode qui représente la plus grande partie de la distance parcourue.
Si {{nickname}} fréquente plusieurs lieux, répondre en fonction du lieu le plus fréquemment visité.
Répondre le mode utilisé en quittant le domicile, pas celui utilisé pour les livraisons, tournées, patrouilles, visites chez clients.__","What mode of transportation does {{nickname}} usually use **to travel to their workplace?**
__If multiple modes are used, indicate the one that represents the largest share of distance traveled.
If {{nickname}} works at multiple locations, respond based on the location visited most frequently.
Answer the mode used when leaving home, not the one used for deliveries, rounds, patrols, or customer visits.__","Quel moyen de transport utilisez-vous habituellement pour** vous rendre à votre lieu de travail?** 
__Si plusieurs modes sont utilisés, indiquer le mode qui représente la plus grande partie de la distance parcourue.
Si vouz fréquentez plusieurs lieux, répondre en fonction du lieu le plus fréquemment visité.
Répondre le mode utilisé en quittant le domicile, pas celui utilisé pour les livraisons, tournées, patrouilles, visites chez clients.__","What mode of transportation do you usually use **to travel to your workplace?**
__If multiple modes are used, indicate the one that represents the largest share of distance traveled.
If you work at multiple locations, respond based on the location visited most frequently.
Answer the mode used when leaving home, not the one used for deliveries, rounds, patrols, or customer visits.__"
travelBehavior,personUsualWorkPlaceCommuting_onTheRoadWithoutUsualPlace,"Quel moyen de transport utilise habituellement {{nickname}} pour** se rendre à son lieu de travail?** 
__Si plusieurs modes sont utilisés, indiquer le mode qui représente la plus grande partie de la distance parcourue.
Si {{nickname}} fréquente plusieurs lieux, répondre en fonction du lieu le plus fréquemment visité.
Répondre le mode utilisé en quittant le domicile.__","What mode of transportation does {{nickname}} usually use **to travel to their workplace?**
__If multiple modes are used, indicate the one that represents the largest share of distance traveled.
If {{nickname}} works at multiple locations, respond based on the location visited most frequently.
Answer the mode used when leaving home.__","Quel moyen de transport utilisez-vous habituellement pour** vous rendre à votre lieu de travail?** 
__Si plusieurs modes sont utilisés, indiquer le mode qui représente la plus grande partie de la distance parcourue.
Si vouz fréquentez plusieurs lieux, répondre en fonction du lieu le plus fréquemment visité.
Répondre le mode utilisé en quittant le domicile.__","What mode of transportation do you usually use **to travel to your workplace?**
__If multiple modes are used, indicate the one that represents the largest share of distance traveled.
If you work at multiple locations, respond based on the location visited most frequently.
Answer the mode used when leaving home__"
omissions,popup.toddlerDaycareTitle,Pourquoi cette question?,Why this question?,,
omissions,popup.toddlerDaycareContent,Cette question est posée quand aucun déplacement pour motif « Reconduire » ou « Aller chercher » n'est enregistré par un ménage comprenant au moins un enfant de 1-4 ans.,"This question is asked when no trips for the reason ""Drop-off"" or ""Pick-up"" are recorded by a household with 1-4 years old child.",,
omissions,anotherPersonChoice,Une autre personne,Another person,,
end,popup.incomeHelpPopupTitle,Pourquoi cette question?,Why this question?,,
end,popup.incomeHelpPopupContent,La tranche de revenu du ménage nous permet de comprendre certains enjeux d'équité en mobilité. Cela permet aussi d'identifier s'il y a une bonne représentativité parmi nos répondants.,The household income bracket helps us understand certain equity issues in mobility. It also helps identify whether our respondents are well represented.,,
barriers,barriersIntro_carDriver,"Pour le déplacement indiqué ci-dessus, vous avez utilisé la voiture comme conducteur. Pour chacun des éléments suivants, **indiquez s’ils ont constitué un frein à l’utilisation du transport en commun** (bus, métro, train ou REM), pour ce **déplacement**.","For the trip indicated above, you used a car as a driver. For each of the following items, **indicate whether they were a barrier to using public transit** (bus, metro, train, or REM) for this **trip**.",,
barriers,barriersIntro_carPassenger,"Pour le déplacement indiqué ci-dessus, vous avez utilisé la voiture comme passager. Pour chacun des éléments suivants, **indiquez s’ils ont constitué un frein à l’utilisation du transport en commun** (bus, métro, train ou REM), pour ce **déplacement**.","For the trip indicated above, you used a car as a passenger. For each of the following items, **indicate whether they were a barrier to using public transit** (bus, metro, train, or REM) for this **trip**.",,
home,popup.accessCodeHelpPopupTitle,Où trouver mon code d’accès?,Where find my access code?,,
home,popup.accessCodeHelpPopupContent,"capture de la lettre
Si vous n'avez pas reçu de lettre d'invitation, vous n'êtes pas éligible à l'enquête métropolitaine 2026 Perspectives mobilité.","capture de la lettre
If you have not received the invitation letter, you are not eligible for the enquête métropolitaine 2026 Perspectives mobilité.",,
home,popup.disabilityHelpPopupTitle,Pourquoi cette question?,Why this question?,,
home,popup.disabilityHelpPopupContent,"Nous demandons si des personnes présentent des incapacités qui limitent leur mobilité afin d'étudier les impacts sur leur façon de se déplacer. À postériori, ces informations permettront de proposer une offre de transport plus adaptée à leurs besoins.",We ask whether any household members have disabilities that limit their mobility in order to better understand how these limitations affect their travel behavior. This information will help us propose transportation services that are better tailored to their needs.,,
accessCode,errors.accessCodeNeedConfirm,Vous devez confirmer que le code d'accès a été correctement saisi,You must confirm that the access code is correctly typed,,
